{"train/box_loss": 0.62854, "train/seg_loss": 0.88865, "train/cls_loss": 0.65657, "train/dfl_loss": 1.04319, "_timestamp": 1683039786.3089461, "lr/pg0": 0.004951, "lr/pg1": 0.004951, "lr/pg2": 0.004951, "metrics/precision(B)": 0.84737, "metrics/recall(B)": 0.79058, "metrics/mAP50(B)": 0.89475, "metrics/mAP50-95(B)": 0.71414, "metrics/precision(M)": 0.77299, "metrics/recall(M)": 0.82983, "metrics/mAP50(M)": 0.88216, "metrics/mAP50-95(M)": 0.68218, "val/box_loss": 0.71766, "val/seg_loss": 1.66131, "val/cls_loss": 0.85096, "val/dfl_loss": 1.26799, "model/parameters": 3264591, "model/GFLOPs": 12.114, "model/speed(ms)": 3.102, "_runtime": 869.9723272323608, "_step": 104, "train_batch1": {"_type": "image-file", "sha256": "c589d04a7b6cb67559cb1f1041346f0d141e0fc8e4b33856ba393dff08be6c1e", "size": 461725, "path": "media/images/train_batch1_2_c589d04a7b6cb67559cb.jpg", "format": "jpg", "width": 1920, "height": 1920}, "train_batch2": {"_type": "image-file", "sha256": "6a6874ab1db422ac4877f132d1dd631654cc73af329de2a95c17cde43bdef5d9", "size": 469965, "path": "media/images/train_batch2_2_6a6874ab1db422ac4877.jpg", "format": "jpg", "width": 1920, "height": 1920}, "train_batch0": {"_type": "image-file", "sha256": "660f19b04155a27452f1c3acc8800e92d9977bf5e3d73c25742ea908fbfb5d52", "size": 509642, "path": "media/images/train_batch0_2_660f19b04155a27452f1.jpg", "format": "jpg", "width": 1920, "height": 1920}}